Source,Target,Type,Weight,book,Id
Addam-Marbrand,Jaime-Lannister,Undirected,3,1,Addam-Marbrand
Addam-Marbrand,Tywin-Lannister,Undirected,6,1,Addam-Marbrand
Aegon-I-Targaryen,Daenerys-Targaryen,Undirected,5,1,Aegon-I-Targaryen
Aegon-I-Targaryen,Eddard-Stark,Undirected,4,1,Aegon-I-Targaryen
Aemon-Targaryen-(Maester-Aemon),Alliser-Thorne,Undirected,4,1,Aemon-Targaryen-(Maester-Aemon)
Aemon-Targaryen-(Maester-Aemon),Bowen-Marsh,Undirected,4,1,Aemon-Targaryen-(Maester-Aemon)
Aemon-Targaryen-(Maester-Aemon),Chett,Undirected,9,1,Aemon-Targaryen-(Maester-Aemon)
Aemon-Targaryen-(Maester-Aemon),Clydas,Undirected,5,1,Aemon-Targaryen-(Maester-Aemon)
Aemon-Targaryen-(Maester-Aemon),Jeor-Mormont,Undirected,13,1,Aemon-Targaryen-(Maester-Aemon)
Aemon-Targaryen-(Maester-Aemon),Jon-Snow,Undirected,34,1,Aemon-Targaryen-(Maester-Aemon)
Aemon-Targaryen-(Maester-Aemon),Samwell-Tarly,Undirected,5,1,Aemon-Targaryen-(Maester-Aemon)
Aerys-II-Targaryen,Brandon-Stark,Undirected,4,1,Aerys-II-Targaryen
Aerys-II-Targaryen,Eddard-Stark,Undirected,10,1,Aerys-II-Targaryen
Aerys-II-Targaryen,Gerold-Hightower,Undirected,3,1,Aerys-II-Targaryen
Aerys-II-Targaryen,Jaime-Lannister,Undirected,5,1,Aerys-II-Targaryen
Aerys-II-Targaryen,Jon-Arryn,Undirected,3,1,Aerys-II-Targaryen
Aerys-II-Targaryen,Robert-Baratheon,Undirected,12,1,Aerys-II-Targaryen
Aggo,Daenerys-Targaryen,Undirected,11,1,Aggo
Aggo,Drogo,Undirected,6,1,Aggo
Aggo,Jhogo,Undirected,4,1,Aggo
Aggo,Jorah-Mormont,Undirected,5,1,Aggo
Aggo,Quaro,Undirected,3,1,Aggo
Aggo,Rakharo,Undirected,7,1,Aggo
Albett,Halder,Undirected,3,1,Albett
Albett,Jon-Snow,Undirected,5,1,Albett
Albett,Rast,Undirected,3,1,Albett
Alliser-Thorne,Bowen-Marsh,Undirected,3,1,Alliser-Thorne
Alliser-Thorne,Grenn,Undirected,3,1,Alliser-Thorne
Alliser-Thorne,Halder,Undirected,4,1,Alliser-Thorne
Alliser-Thorne,Jeor-Mormont,Undirected,10,1,Alliser-Thorne
Alliser-Thorne,Jon-Snow,Undirected,32,1,Alliser-Thorne
Alliser-Thorne,Pypar,Undirected,4,1,Alliser-Thorne
Alliser-Thorne,Rast,Undirected,5,1,Alliser-Thorne
Alliser-Thorne,Samwell-Tarly,Undirected,8,1,Alliser-Thorne
Alliser-Thorne,Tyrion-Lannister,Undirected,7,1,Alliser-Thorne
Alyn,Eddard-Stark,Undirected,11,1,Alyn
Alyn,Harwin,Undirected,6,1,Alyn
Alyn,Jory-Cassel,Undirected,8,1,Alyn
Alyn,Robert-Baratheon,Undirected,4,1,Alyn
Alyn,Tomard,Undirected,3,1,Alyn
Arthur-Dayne,Gerold-Hightower,Undirected,4,1,Arthur-Dayne
Arya-Stark,Benjen-Stark,Undirected,3,1,Arya-Stark
Arya-Stark,Bran-Stark,Undirected,14,1,Arya-Stark
Arya-Stark,Catelyn-Stark,Undirected,5,1,Arya-Stark
Arya-Stark,Cersei-Lannister,Undirected,12,1,Arya-Stark
Arya-Stark,Desmond,Undirected,3,1,Arya-Stark
Arya-Stark,Eddard-Stark,Undirected,30,1,Arya-Stark
Arya-Stark,Ilyn-Payne,Undirected,5,1,Arya-Stark
Arya-Stark,Jeyne-Poole,Undirected,10,1,Arya-Stark
Arya-Stark,Joffrey-Baratheon,Undirected,39,1,Arya-Stark
Arya-Stark,Jon-Snow,Undirected,37,1,Arya-Stark
Arya-Stark,Jory-Cassel,Undirected,12,1,Arya-Stark
Arya-Stark,Meryn-Trant,Undirected,4,1,Arya-Stark
Arya-Stark,Mordane,Undirected,39,1,Arya-Stark
Arya-Stark,Mycah,Undirected,18,1,Arya-Stark
Arya-Stark,Myrcella-Baratheon,Undirected,13,1,Arya-Stark
Arya-Stark,Petyr-Baelish,Undirected,3,1,Arya-Stark
Arya-Stark,Rickon-Stark,Undirected,7,1,Arya-Stark
Arya-Stark,Robb-Stark,Undirected,15,1,Arya-Stark
Arya-Stark,Robert-Baratheon,Undirected,8,1,Arya-Stark
Arya-Stark,Rodrik-Cassel,Undirected,3,1,Arya-Stark
Arya-Stark,Sandor-Clegane,Undirected,7,1,Arya-Stark
Arya-Stark,Sansa-Stark,Undirected,104,1,Arya-Stark
Arya-Stark,Syrio-Forel,Undirected,20,1,Arya-Stark
Arya-Stark,Tomard,Undirected,6,1,Arya-Stark
Arya-Stark,Tommen-Baratheon,Undirected,5,1,Arya-Stark
Arya-Stark,Vayon-Poole,Undirected,4,1,Arya-Stark
Arya-Stark,Yoren,Undirected,4,1,Arya-Stark
Arys-Oakheart,Cersei-Lannister,Undirected,3,1,Arys-Oakheart
Balon-Greyjoy,Eddard-Stark,Undirected,3,1,Balon-Greyjoy
Balon-Greyjoy,Robert-Baratheon,Undirected,4,1,Balon-Greyjoy
Balon-Swann,Renly-Baratheon,Undirected,3,1,Balon-Swann
Balon-Swann,Sandor-Clegane,Undirected,3,1,Balon-Swann
Barristan-Selmy,Boros-Blount,Undirected,3,1,Barristan-Selmy
Barristan-Selmy,Cersei-Lannister,Undirected,12,1,Barristan-Selmy
Barristan-Selmy,Eddard-Stark,Undirected,28,1,Barristan-Selmy
Barristan-Selmy,Jaime-Lannister,Undirected,4,1,Barristan-Selmy
Barristan-Selmy,Joffrey-Baratheon,Undirected,6,1,Barristan-Selmy
Barristan-Selmy,Jon-Arryn,Undirected,4,1,Barristan-Selmy
Barristan-Selmy,Meryn-Trant,Undirected,3,1,Barristan-Selmy
Barristan-Selmy,Petyr-Baelish,Undirected,7,1,Barristan-Selmy
Barristan-Selmy,Pycelle,Undirected,8,1,Barristan-Selmy
Barristan-Selmy,Renly-Baratheon,Undirected,13,1,Barristan-Selmy
Barristan-Selmy,Robert-Baratheon,Undirected,40,1,Barristan-Selmy
Barristan-Selmy,Sandor-Clegane,Undirected,3,1,Barristan-Selmy
Barristan-Selmy,Sansa-Stark,Undirected,3,1,Barristan-Selmy
Barristan-Selmy,Varys,Undirected,9,1,Barristan-Selmy
Benjen-Stark,Bran-Stark,Undirected,6,1,Benjen-Stark
Benjen-Stark,Cersei-Lannister,Undirected,3,1,Benjen-Stark
Benjen-Stark,Jaremy-Rykker,Undirected,3,1,Benjen-Stark
Benjen-Stark,Jeor-Mormont,Undirected,9,1,Benjen-Stark
Benjen-Stark,Jon-Snow,Undirected,41,1,Benjen-Stark
Benjen-Stark,Luwin,Undirected,7,1,Benjen-Stark
Benjen-Stark,Mance-Rayder,Undirected,3,1,Benjen-Stark
Benjen-Stark,Robb-Stark,Undirected,7,1,Benjen-Stark
Benjen-Stark,Robert-Baratheon,Undirected,3,1,Benjen-Stark
Benjen-Stark,Theon-Greyjoy,Undirected,4,1,Benjen-Stark
Benjen-Stark,Tyrion-Lannister,Undirected,8,1,Benjen-Stark
Benjen-Stark,Waymar-Royce,Undirected,3,1,Benjen-Stark
Benjen-Stark,Yoren,Undirected,4,1,Benjen-Stark
Beric-Dondarrion,Eddard-Stark,Undirected,3,1,Beric-Dondarrion
Beric-Dondarrion,Gregor-Clegane,Undirected,6,1,Beric-Dondarrion
Beric-Dondarrion,Loras-Tyrell,Undirected,5,1,Beric-Dondarrion
Beric-Dondarrion,Robert-Baratheon,Undirected,5,1,Beric-Dondarrion
Beric-Dondarrion,Sansa-Stark,Undirected,4,1,Beric-Dondarrion
Beric-Dondarrion,Thoros-of-Myr,Undirected,5,1,Beric-Dondarrion
Boros-Blount,Cersei-Lannister,Undirected,9,1,Boros-Blount
Boros-Blount,Joffrey-Baratheon,Undirected,3,1,Boros-Blount
Boros-Blount,Meryn-Trant,Undirected,5,1,Boros-Blount
Boros-Blount,Sansa-Stark,Undirected,6,1,Boros-Blount
Bowen-Marsh,Jeor-Mormont,Undirected,8,1,Bowen-Marsh
Bowen-Marsh,Jon-Snow,Undirected,10,1,Bowen-Marsh
Bowen-Marsh,Samwell-Tarly,Undirected,3,1,Bowen-Marsh
Bran-Stark,Catelyn-Stark,Undirected,18,1,Bran-Stark
Bran-Stark,Cersei-Lannister,Undirected,6,1,Bran-Stark
Bran-Stark,Eddard-Stark,Undirected,19,1,Bran-Stark
Bran-Stark,Hali,Undirected,3,1,Bran-Stark
Bran-Stark,Hallis-Mollen,Undirected,3,1,Bran-Stark
Bran-Stark,Hodor,Undirected,29,1,Bran-Stark
Bran-Stark,Hullen,Undirected,3,1,Bran-Stark
Bran-Stark,Jeor-Mormont,Undirected,4,1,Bran-Stark
Bran-Stark,Joffrey-Baratheon,Undirected,3,1,Bran-Stark
Bran-Stark,Jon-Arryn,Undirected,7,1,Bran-Stark
Bran-Stark,Jon-Snow,Undirected,56,1,Bran-Stark
Bran-Stark,Jory-Cassel,Undirected,11,1,Bran-Stark
Bran-Stark,Joseth,Undirected,4,1,Bran-Stark
Bran-Stark,Luwin,Undirected,65,1,Bran-Stark
Bran-Stark,Nan,Undirected,17,1,Bran-Stark
Bran-Stark,Osha,Undirected,12,1,Bran-Stark
Bran-Stark,Petyr-Baelish,Undirected,3,1,Bran-Stark
Bran-Stark,Renly-Baratheon,Undirected,3,1,Bran-Stark
Bran-Stark,Rickard-Karstark,Undirected,4,1,Bran-Stark
Bran-Stark,Rickard-Stark,Undirected,4,1,Bran-Stark
Bran-Stark,Rickon-Stark,Undirected,32,1,Bran-Stark
Bran-Stark,Robb-Stark,Undirected,112,1,Bran-Stark
Bran-Stark,Robert-Baratheon,Undirected,11,1,Bran-Stark
Bran-Stark,Rodrik-Cassel,Undirected,6,1,Bran-Stark
Bran-Stark,Sansa-Stark,Undirected,10,1,Bran-Stark
Bran-Stark,Stiv,Undirected,4,1,Bran-Stark
Bran-Stark,Theon-Greyjoy,Undirected,23,1,Bran-Stark
Bran-Stark,Tommen-Baratheon,Undirected,5,1,Bran-Stark
Bran-Stark,Tyrion-Lannister,Undirected,31,1,Bran-Stark
Bran-Stark,Yoren,Undirected,3,1,Bran-Stark
Brandon-Stark,Eddard-Stark,Undirected,11,1,Brandon-Stark
Brandon-Stark,Lyanna-Stark,Undirected,4,1,Brandon-Stark
Brandon-Stark,Petyr-Baelish,Undirected,14,1,Brandon-Stark
Brandon-Stark,Rickard-Stark,Undirected,3,1,Brandon-Stark
Brandon-Stark,Robert-Baratheon,Undirected,5,1,Brandon-Stark
Bronn,Catelyn-Stark,Undirected,6,1,Bronn
Bronn,Chiggen,Undirected,8,1,Bronn
Bronn,Marillion,Undirected,4,1,Bronn
Bronn,Rodrik-Cassel,Undirected,4,1,Bronn
Bronn,Shae,Undirected,3,1,Bronn
Bronn,Shagga,Undirected,3,1,Bronn
Bronn,Tyrion-Lannister,Undirected,61,1,Bronn
Bronn,Tywin-Lannister,Undirected,4,1,Bronn
Bronn,Vardis-Egen,Undirected,11,1,Bronn
Bronn,Willis-Wode,Undirected,5,1,Bronn
Brynden-Tully,Catelyn-Stark,Undirected,16,1,Brynden-Tully
Brynden-Tully,Edmure-Tully,Undirected,3,1,Brynden-Tully
Brynden-Tully,Hoster-Tully,Undirected,5,1,Brynden-Tully
Brynden-Tully,Jaime-Lannister,Undirected,7,1,Brynden-Tully
Brynden-Tully,Lysa-Arryn,Undirected,10,1,Brynden-Tully
Brynden-Tully,Nestor-Royce,Undirected,3,1,Brynden-Tully
Brynden-Tully,Robb-Stark,Undirected,9,1,Brynden-Tully
Brynden-Tully,Theon-Greyjoy,Undirected,6,1,Brynden-Tully
Brynden-Tully,Tyrion-Lannister,Undirected,4,1,Brynden-Tully
Brynden-Tully,Tywin-Lannister,Undirected,3,1,Brynden-Tully
Brynden-Tully,Walder-Frey,Undirected,3,1,Brynden-Tully
Catelyn-Stark,Cersei-Lannister,Undirected,12,1,Catelyn-Stark
Catelyn-Stark,Colemon,Undirected,3,1,Catelyn-Stark
Catelyn-Stark,Donnel-Waynwood,Undirected,3,1,Catelyn-Stark
Catelyn-Stark,Eddard-Stark,Undirected,64,1,Catelyn-Stark
Catelyn-Stark,Edmure-Tully,Undirected,7,1,Catelyn-Stark
Catelyn-Stark,Eon-Hunter,Undirected,3,1,Catelyn-Stark
Catelyn-Stark,Hallis-Mollen,Undirected,10,1,Catelyn-Stark
Catelyn-Stark,Hoster-Tully,Undirected,6,1,Catelyn-Stark
Catelyn-Stark,Jaime-Lannister,Undirected,9,1,Catelyn-Stark
Catelyn-Stark,Joffrey-Baratheon,Undirected,4,1,Catelyn-Stark
Catelyn-Stark,Jon-Arryn,Undirected,11,1,Catelyn-Stark
Catelyn-Stark,Jon-Snow,Undirected,14,1,Catelyn-Stark
Catelyn-Stark,Jon-Umber-(Greatjon),Undirected,4,1,Catelyn-Stark
Catelyn-Stark,Luwin,Undirected,14,1,Catelyn-Stark
Catelyn-Stark,Lysa-Arryn,Undirected,33,1,Catelyn-Stark
Catelyn-Stark,Marillion,Undirected,6,1,Catelyn-Stark
Catelyn-Stark,Masha-Heddle,Undirected,5,1,Catelyn-Stark
Catelyn-Stark,Moreo-Tumitis,Undirected,3,1,Catelyn-Stark
Catelyn-Stark,Mya-Stone,Undirected,9,1,Catelyn-Stark
Catelyn-Stark,Mychel-Redfort,Undirected,3,1,Catelyn-Stark
Catelyn-Stark,Nestor-Royce,Undirected,3,1,Catelyn-Stark
Catelyn-Stark,Petyr-Baelish,Undirected,22,1,Catelyn-Stark
Catelyn-Stark,Rickard-Karstark,Undirected,6,1,Catelyn-Stark
Catelyn-Stark,Rickon-Stark,Undirected,3,1,Catelyn-Stark
Catelyn-Stark,Robb-Stark,Undirected,49,1,Catelyn-Stark
Catelyn-Stark,Robert-Arryn,Undirected,3,1,Catelyn-Stark
Catelyn-Stark,Robert-Baratheon,Undirected,22,1,Catelyn-Stark
Catelyn-Stark,Rodrik-Cassel,Undirected,25,1,Catelyn-Stark
Catelyn-Stark,Sansa-Stark,Undirected,9,1,Catelyn-Stark
Catelyn-Stark,Stevron-Frey,Undirected,5,1,Catelyn-Stark
Catelyn-Stark,Theon-Greyjoy,Undirected,9,1,Catelyn-Stark
Catelyn-Stark,Tyrion-Lannister,Undirected,49,1,Catelyn-Stark
Catelyn-Stark,Tytos-Blackwood,Undirected,4,1,Catelyn-Stark
Catelyn-Stark,Tywin-Lannister,Undirected,7,1,Catelyn-Stark
Catelyn-Stark,Vardis-Egen,Undirected,5,1,Catelyn-Stark
Catelyn-Stark,Varys,Undirected,10,1,Catelyn-Stark
Catelyn-Stark,Walder-Frey,Undirected,13,1,Catelyn-Stark
Catelyn-Stark,Wendel-Manderly,Undirected,3,1,Catelyn-Stark
Catelyn-Stark,Willis-Wode,Undirected,5,1,Catelyn-Stark
Cayn,Eddard-Stark,Undirected,7,1,Cayn
Cayn,Renly-Baratheon,Undirected,3,1,Cayn
Cayn,Tomard,Undirected,6,1,Cayn
Cersei-Lannister,Eddard-Stark,Undirected,69,1,Cersei-Lannister
Cersei-Lannister,Ilyn-Payne,Undirected,4,1,Cersei-Lannister
Cersei-Lannister,Jaime-Lannister,Undirected,16,1,Cersei-Lannister
Cersei-Lannister,Janos-Slynt,Undirected,4,1,Cersei-Lannister
Cersei-Lannister,Joffrey-Baratheon,Undirected,42,1,Cersei-Lannister
Cersei-Lannister,Jon-Arryn,Undirected,7,1,Cersei-Lannister
Cersei-Lannister,Jon-Snow,Undirected,4,1,Cersei-Lannister
Cersei-Lannister,Jory-Cassel,Undirected,5,1,Cersei-Lannister
Cersei-Lannister,Meryn-Trant,Undirected,4,1,Cersei-Lannister
Cersei-Lannister,Mordane,Undirected,3,1,Cersei-Lannister
Cersei-Lannister,Myrcella-Baratheon,Undirected,7,1,Cersei-Lannister
Cersei-Lannister,Petyr-Baelish,Undirected,13,1,Cersei-Lannister
Cersei-Lannister,Pycelle,Undirected,9,1,Cersei-Lannister
Cersei-Lannister,Renly-Baratheon,Undirected,5,1,Cersei-Lannister
Cersei-Lannister,Robert-Baratheon,Undirected,72,1,Cersei-Lannister
Cersei-Lannister,Sandor-Clegane,Undirected,5,1,Cersei-Lannister
Cersei-Lannister,Sansa-Stark,Undirected,29,1,Cersei-Lannister
Cersei-Lannister,Stannis-Baratheon,Undirected,5,1,Cersei-Lannister
Cersei-Lannister,Tommen-Baratheon,Undirected,4,1,Cersei-Lannister
Cersei-Lannister,Tyrion-Lannister,Undirected,27,1,Cersei-Lannister
Cersei-Lannister,Tywin-Lannister,Undirected,10,1,Cersei-Lannister
Cersei-Lannister,Varys,Undirected,19,1,Cersei-Lannister
Cersei-Lannister,Vayon-Poole,Undirected,4,1,Cersei-Lannister
Chella,Tyrion-Lannister,Undirected,5,1,Chella
Chett,Jon-Snow,Undirected,4,1,Chett
Chett,Samwell-Tarly,Undirected,6,1,Chett
Chiggen,Tyrion-Lannister,Undirected,5,1,Chiggen
Chiggen,Willis-Wode,Undirected,3,1,Chiggen
Clement-Piper,Karyl-Vance,Undirected,4,1,Clement-Piper
Cohollo,Daenerys-Targaryen,Undirected,7,1,Cohollo
Cohollo,Drogo,Undirected,9,1,Cohollo
Cohollo,Haggo,Undirected,7,1,Cohollo
Cohollo,Qotho,Undirected,6,1,Cohollo
Colemon,Vardis-Egen,Undirected,4,1,Colemon
Conn,Coratt,Undirected,5,1,Conn
Conn,Shagga,Undirected,9,1,Conn
Conn,Tyrion-Lannister,Undirected,6,1,Conn
Daenerys-Targaryen,Doreah,Undirected,15,1,Daenerys-Targaryen
Daenerys-Targaryen,Drogo,Undirected,101,1,Daenerys-Targaryen
Daenerys-Targaryen,Eddard-Stark,Undirected,5,1,Daenerys-Targaryen
Daenerys-Targaryen,Eroeh,Undirected,5,1,Daenerys-Targaryen
Daenerys-Targaryen,Haggo,Undirected,12,1,Daenerys-Targaryen
Daenerys-Targaryen,Illyrio-Mopatis,Undirected,24,1,Daenerys-Targaryen
Daenerys-Targaryen,Irri,Undirected,25,1,Daenerys-Targaryen
Daenerys-Targaryen,Jhiqui,Undirected,26,1,Daenerys-Targaryen
Daenerys-Targaryen,Jhogo,Undirected,17,1,Daenerys-Targaryen
Daenerys-Targaryen,Jorah-Mormont,Undirected,75,1,Daenerys-Targaryen
Daenerys-Targaryen,Mirri-Maz-Duur,Undirected,31,1,Daenerys-Targaryen
Daenerys-Targaryen,Qotho,Undirected,18,1,Daenerys-Targaryen
Daenerys-Targaryen,Quaro,Undirected,5,1,Daenerys-Targaryen
Daenerys-Targaryen,Rakharo,Undirected,4,1,Daenerys-Targaryen
Daenerys-Targaryen,Rhaegar-Targaryen,Undirected,4,1,Daenerys-Targaryen
Daenerys-Targaryen,Robert-Baratheon,Undirected,11,1,Daenerys-Targaryen
Daenerys-Targaryen,Varys,Undirected,5,1,Daenerys-Targaryen
Daenerys-Targaryen,Viserys-Targaryen,Undirected,37,1,Daenerys-Targaryen
Danwell-Frey,Hosteen-Frey,Undirected,3,1,Danwell-Frey
Danwell-Frey,Jared-Frey,Undirected,3,1,Danwell-Frey
Danwell-Frey,Walder-Frey,Undirected,3,1,Danwell-Frey
Dareon,Jon-Snow,Undirected,6,1,Dareon
Daryn-Hornwood,Eddard-Stark,Undirected,3,1,Daryn-Hornwood
Daryn-Hornwood,Torrhen-Karstark,Undirected,3,1,Daryn-Hornwood
Desmond,Eddard-Stark,Undirected,4,1,Desmond
Dolf,Shagga,Undirected,7,1,Dolf
Donal-Noye,Jon-Snow,Undirected,7,1,Donal-Noye
Doreah,Drogo,Undirected,5,1,Doreah
Doreah,Irri,Undirected,14,1,Doreah
Doreah,Jhiqui,Undirected,11,1,Doreah
Doreah,Jorah-Mormont,Undirected,3,1,Doreah
Doreah,Viserys-Targaryen,Undirected,3,1,Doreah
Drogo,Haggo,Undirected,9,1,Drogo
Drogo,Illyrio-Mopatis,Undirected,16,1,Drogo
Drogo,Irri,Undirected,9,1,Drogo
Drogo,Jhiqui,Undirected,5,1,Drogo
Drogo,Jhogo,Undirected,7,1,Drogo
Drogo,Jommo,Undirected,3,1,Drogo
Drogo,Jorah-Mormont,Undirected,16,1,Drogo
Drogo,Mirri-Maz-Duur,Undirected,12,1,Drogo
Drogo,Ogo,Undirected,11,1,Drogo
Drogo,Qotho,Undirected,13,1,Drogo
Drogo,Quaro,Undirected,3,1,Drogo
Drogo,Rakharo,Undirected,4,1,Drogo
Drogo,Rhaego,Undirected,5,1,Drogo
Drogo,Robert-Baratheon,Undirected,3,1,Drogo
Drogo,Viserys-Targaryen,Undirected,19,1,Drogo
Dywen,Jon-Snow,Undirected,4,1,Dywen
Eddard-Stark,Edmure-Tully,Undirected,3,1,Eddard-Stark
Eddard-Stark,Galbart-Glover,Undirected,4,1,Eddard-Stark
Eddard-Stark,Gendry,Undirected,3,1,Eddard-Stark
Eddard-Stark,Gerold-Hightower,Undirected,3,1,Eddard-Stark
Eddard-Stark,Gregor-Clegane,Undirected,10,1,Eddard-Stark
Eddard-Stark,Harwin,Undirected,5,1,Eddard-Stark
Eddard-Stark,High-Septon-(fat_one),Undirected,4,1,Eddard-Stark
Eddard-Stark,Howland-Reed,Undirected,3,1,Eddard-Stark
Eddard-Stark,Ilyn-Payne,Undirected,6,1,Eddard-Stark
Eddard-Stark,Jacks,Undirected,4,1,Eddard-Stark
Eddard-Stark,Jaime-Lannister,Undirected,27,1,Eddard-Stark
Eddard-Stark,Janos-Slynt,Undirected,4,1,Eddard-Stark
Eddard-Stark,Joffrey-Baratheon,Undirected,26,1,Eddard-Stark
Eddard-Stark,Jon-Arryn,Undirected,47,1,Eddard-Stark
Eddard-Stark,Jon-Snow,Undirected,38,1,Eddard-Stark
Eddard-Stark,Jory-Cassel,Undirected,32,1,Eddard-Stark
Eddard-Stark,Joss,Undirected,5,1,Eddard-Stark
Eddard-Stark,Loras-Tyrell,Undirected,12,1,Eddard-Stark
Eddard-Stark,Luwin,Undirected,16,1,Eddard-Stark
Eddard-Stark,Lyanna-Stark,Undirected,19,1,Eddard-Stark
Eddard-Stark,Lysa-Arryn,Undirected,12,1,Eddard-Stark
Eddard-Stark,Marq-Piper,Undirected,3,1,Eddard-Stark
Eddard-Stark,Mordane,Undirected,11,1,Eddard-Stark
Eddard-Stark,Mycah,Undirected,3,1,Eddard-Stark
Eddard-Stark,Petyr-Baelish,Undirected,81,1,Eddard-Stark
Eddard-Stark,Porther,Undirected,4,1,Eddard-Stark
Eddard-Stark,Pycelle,Undirected,33,1,Eddard-Stark
Eddard-Stark,Raymun-Darry,Undirected,4,1,Eddard-Stark
Eddard-Stark,Renly-Baratheon,Undirected,33,1,Eddard-Stark
Eddard-Stark,Rhaegar-Targaryen,Undirected,10,1,Eddard-Stark
Eddard-Stark,Rickard-Karstark,Undirected,4,1,Eddard-Stark
Eddard-Stark,Rickon-Stark,Undirected,4,1,Eddard-Stark
Eddard-Stark,Robb-Stark,Undirected,16,1,Eddard-Stark
Eddard-Stark,Robert-Baratheon,Undirected,291,1,Eddard-Stark
Eddard-Stark,Rodrik-Cassel,Undirected,7,1,Eddard-Stark
Eddard-Stark,Sandor-Clegane,Undirected,10,1,Eddard-Stark
Eddard-Stark,Sansa-Stark,Undirected,34,1,Eddard-Stark
Eddard-Stark,Stannis-Baratheon,Undirected,18,1,Eddard-Stark
Eddard-Stark,Syrio-Forel,Undirected,6,1,Eddard-Stark
Eddard-Stark,Theon-Greyjoy,Undirected,5,1,Eddard-Stark
Eddard-Stark,Tobho-Mott,Undirected,7,1,Eddard-Stark
Eddard-Stark,Tomard,Undirected,15,1,Eddard-Stark
Eddard-Stark,Torrhen-Karstark,Undirected,5,1,Eddard-Stark
Eddard-Stark,Tregar,Undirected,4,1,Eddard-Stark
Eddard-Stark,Tyrion-Lannister,Undirected,21,1,Eddard-Stark
Eddard-Stark,Tywin-Lannister,Undirected,18,1,Eddard-Stark
Eddard-Stark,Varly,Undirected,4,1,Eddard-Stark
Eddard-Stark,Varys,Undirected,61,1,Eddard-Stark
Eddard-Stark,Vayon-Poole,Undirected,12,1,Eddard-Stark
Eddard-Stark,Wyl-(guard),Undirected,3,1,Eddard-Stark
Eddard-Stark,Wylla,Undirected,3,1,Eddard-Stark
Edmure-Tully,Hoster-Tully,Undirected,7,1,Edmure-Tully
Edmure-Tully,Jaime-Lannister,Undirected,4,1,Edmure-Tully
Edmure-Tully,Karyl-Vance,Undirected,4,1,Edmure-Tully
Edmure-Tully,Lysa-Arryn,Undirected,5,1,Edmure-Tully
Edmure-Tully,Marq-Piper,Undirected,3,1,Edmure-Tully
Edmure-Tully,Petyr-Baelish,Undirected,4,1,Edmure-Tully
Edmure-Tully,Robb-Stark,Undirected,5,1,Edmure-Tully
Edmure-Tully,Tytos-Blackwood,Undirected,3,1,Edmure-Tully
Eon-Hunter,Lysa-Arryn,Undirected,3,1,Eon-Hunter
Eon-Hunter,Vardis-Egen,Undirected,3,1,Eon-Hunter
Fogo,Ogo,Undirected,4,1,Fogo
Galbart-Glover,Jaime-Lannister,Undirected,3,1,Galbart-Glover
Galbart-Glover,Jon-Umber-(Greatjon),Undirected,4,1,Galbart-Glover
Galbart-Glover,Rickard-Karstark,Undirected,4,1,Galbart-Glover
Galbart-Glover,Robb-Stark,Undirected,5,1,Galbart-Glover
Galbart-Glover,Roose-Bolton,Undirected,3,1,Galbart-Glover
Gared,Jeor-Mormont,Undirected,4,1,Gared
Gared,Waymar-Royce,Undirected,13,1,Gared
Gared,Will-(prologue),Undirected,12,1,Gared
Gerold-Hightower,Oswell-Whent,Undirected,3,1,Gerold-Hightower
Gerold-Hightower,Robert-Baratheon,Undirected,4,1,Gerold-Hightower
Gregor-Clegane,Jaime-Lannister,Undirected,3,1,Gregor-Clegane
Gregor-Clegane,Loras-Tyrell,Undirected,10,1,Gregor-Clegane
Gregor-Clegane,Marq-Piper,Undirected,6,1,Gregor-Clegane
Gregor-Clegane,Petyr-Baelish,Undirected,3,1,Gregor-Clegane
Gregor-Clegane,Pycelle,Undirected,3,1,Gregor-Clegane
Gregor-Clegane,Robert-Baratheon,Undirected,4,1,Gregor-Clegane
Gregor-Clegane,Sandor-Clegane,Undirected,11,1,Gregor-Clegane
Gregor-Clegane,Sansa-Stark,Undirected,5,1,Gregor-Clegane
Gregor-Clegane,Tyrion-Lannister,Undirected,7,1,Gregor-Clegane
Gregor-Clegane,Tywin-Lannister,Undirected,6,1,Gregor-Clegane
Grenn,Halder,Undirected,6,1,Grenn
Grenn,Jeor-Mormont,Undirected,3,1,Grenn
Grenn,Jon-Snow,Undirected,31,1,Grenn
Grenn,Pypar,Undirected,27,1,Grenn
Grenn,Samwell-Tarly,Undirected,8,1,Grenn
Grenn,Todder,Undirected,7,1,Grenn
Gunthor-son-of-Gurn,Tyrion-Lannister,Undirected,7,1,Gunthor-son-of-Gurn
Haggo,Mirri-Maz-Duur,Undirected,3,1,Haggo
Haggo,Qotho,Undirected,11,1,Haggo
Haggo,Rakharo,Undirected,3,1,Haggo
Halder,Jon-Snow,Undirected,23,1,Halder
Halder,Pypar,Undirected,8,1,Halder
Halder,Rast,Undirected,3,1,Halder
Halder,Samwell-Tarly,Undirected,6,1,Halder
Halder,Todder,Undirected,3,1,Halder
Hallis-Mollen,Luwin,Undirected,4,1,Hallis-Mollen
Hallis-Mollen,Robb-Stark,Undirected,13,1,Hallis-Mollen
Hallis-Mollen,Theon-Greyjoy,Undirected,7,1,Hallis-Mollen
Harwin,Hullen,Undirected,3,1,Harwin
Harwin,Jory-Cassel,Undirected,4,1,Harwin
Harys-Swyft,Jaime-Lannister,Undirected,3,1,Harys-Swyft
Heward,Jory-Cassel,Undirected,5,1,Heward
Heward,Wyl-(guard),Undirected,3,1,Heward
High-Septon-(fat_one),Joffrey-Baratheon,Undirected,4,1,High-Septon-(fat_one)
Hobb,Jon-Snow,Undirected,5,1,Hobb
Hodor,Luwin,Undirected,10,1,Hodor
Hodor,Nan,Undirected,8,1,Hodor
Hodor,Robb-Stark,Undirected,5,1,Hodor
Hosteen-Frey,Jared-Frey,Undirected,3,1,Hosteen-Frey
Hoster-Tully,Lysa-Arryn,Undirected,3,1,Hoster-Tully
Hoster-Tully,Robert-Baratheon,Undirected,3,1,Hoster-Tully
Hugh,Jon-Arryn,Undirected,3,1,Hugh
Hullen,Jory-Cassel,Undirected,5,1,Hullen
Hullen,Luwin,Undirected,3,1,Hullen
Hullen,Robb-Stark,Undirected,3,1,Hullen
Hullen,Rodrik-Cassel,Undirected,3,1,Hullen
Illyrio-Mopatis,Irri,Undirected,3,1,Illyrio-Mopatis
Illyrio-Mopatis,Jorah-Mormont,Undirected,7,1,Illyrio-Mopatis
Illyrio-Mopatis,Robert-Baratheon,Undirected,6,1,Illyrio-Mopatis
Illyrio-Mopatis,Viserys-Targaryen,Undirected,14,1,Illyrio-Mopatis
Ilyn-Payne,Jeyne-Poole,Undirected,3,1,Ilyn-Payne
Ilyn-Payne,Joffrey-Baratheon,Undirected,4,1,Ilyn-Payne
Ilyn-Payne,Loras-Tyrell,Undirected,3,1,Ilyn-Payne
Ilyn-Payne,Robert-Baratheon,Undirected,4,1,Ilyn-Payne
Ilyn-Payne,Sansa-Stark,Undirected,9,1,Ilyn-Payne
Ilyn-Payne,Varys,Undirected,5,1,Ilyn-Payne
Irri,Jhiqui,Undirected,14,1,Irri
Irri,Jhogo,Undirected,7,1,Irri
Irri,Jorah-Mormont,Undirected,4,1,Irri
Irri,Viserys-Targaryen,Undirected,5,1,Irri
Jafer-Flowers,Jaremy-Rykker,Undirected,3,1,Jafer-Flowers
Jaime-Lannister,Joffrey-Baratheon,Undirected,12,1,Jaime-Lannister
Jaime-Lannister,Jon-Arryn,Undirected,5,1,Jaime-Lannister
Jaime-Lannister,Jory-Cassel,Undirected,4,1,Jaime-Lannister
Jaime-Lannister,Kevan-Lannister,Undirected,4,1,Jaime-Lannister
Jaime-Lannister,Loras-Tyrell,Undirected,3,1,Jaime-Lannister
Jaime-Lannister,Lysa-Arryn,Undirected,6,1,Jaime-Lannister
Jaime-Lannister,Petyr-Baelish,Undirected,7,1,Jaime-Lannister
Jaime-Lannister,Renly-Baratheon,Undirected,4,1,Jaime-Lannister
Jaime-Lannister,Rickard-Karstark,Undirected,3,1,Jaime-Lannister
Jaime-Lannister,Robb-Stark,Undirected,9,1,Jaime-Lannister
Jaime-Lannister,Robert-Baratheon,Undirected,24,1,Jaime-Lannister
Jaime-Lannister,Rodrik-Cassel,Undirected,3,1,Jaime-Lannister
Jaime-Lannister,Sandor-Clegane,Undirected,12,1,Jaime-Lannister
Jaime-Lannister,Sansa-Stark,Undirected,3,1,Jaime-Lannister
Jaime-Lannister,Tyrion-Lannister,Undirected,36,1,Jaime-Lannister
Jaime-Lannister,Tywin-Lannister,Undirected,16,1,Jaime-Lannister
Jaime-Lannister,Varys,Undirected,3,1,Jaime-Lannister
Jaime-Lannister,Wyl-(guard),Undirected,3,1,Jaime-Lannister
Janos-Slynt,Joffrey-Baratheon,Undirected,4,1,Janos-Slynt
Janos-Slynt,Petyr-Baelish,Undirected,3,1,Janos-Slynt
Janos-Slynt,Pycelle,Undirected,3,1,Janos-Slynt
Janos-Slynt,Robert-Baratheon,Undirected,4,1,Janos-Slynt
Janos-Slynt,Sansa-Stark,Undirected,3,1,Janos-Slynt
Jaremy-Rykker,Jeor-Mormont,Undirected,11,1,Jaremy-Rykker
Jaremy-Rykker,Jon-Snow,Undirected,7,1,Jaremy-Rykker
Jeor-Mormont,Jon-Snow,Undirected,81,1,Jeor-Mormont
Jeor-Mormont,Robert-Baratheon,Undirected,4,1,Jeor-Mormont
Jeor-Mormont,Samwell-Tarly,Undirected,8,1,Jeor-Mormont
Jeor-Mormont,Tyrion-Lannister,Undirected,23,1,Jeor-Mormont
Jeor-Mormont,Yoren,Undirected,3,1,Jeor-Mormont
Jeyne-Poole,Loras-Tyrell,Undirected,4,1,Jeyne-Poole
Jeyne-Poole,Mordane,Undirected,7,1,Jeyne-Poole
Jeyne-Poole,Robert-Baratheon,Undirected,3,1,Jeyne-Poole
Jeyne-Poole,Sansa-Stark,Undirected,27,1,Jeyne-Poole
Jhiqui,Jorah-Mormont,Undirected,4,1,Jhiqui
Jhogo,Jorah-Mormont,Undirected,5,1,Jhogo
Jhogo,Mirri-Maz-Duur,Undirected,3,1,Jhogo
Joffrey-Baratheon,Jon-Snow,Undirected,10,1,Joffrey-Baratheon
Joffrey-Baratheon,Loras-Tyrell,Undirected,3,1,Joffrey-Baratheon
Joffrey-Baratheon,Meryn-Trant,Undirected,3,1,Joffrey-Baratheon
Joffrey-Baratheon,Mordane,Undirected,9,1,Joffrey-Baratheon
Joffrey-Baratheon,Mycah,Undirected,14,1,Joffrey-Baratheon
Joffrey-Baratheon,Myrcella-Baratheon,Undirected,5,1,Joffrey-Baratheon
Joffrey-Baratheon,Petyr-Baelish,Undirected,11,1,Joffrey-Baratheon
Joffrey-Baratheon,Pycelle,Undirected,4,1,Joffrey-Baratheon
Joffrey-Baratheon,Renly-Baratheon,Undirected,9,1,Joffrey-Baratheon
Joffrey-Baratheon,Robb-Stark,Undirected,19,1,Joffrey-Baratheon
Joffrey-Baratheon,Robert-Baratheon,Undirected,30,1,Joffrey-Baratheon
Joffrey-Baratheon,Rodrik-Cassel,Undirected,9,1,Joffrey-Baratheon
Joffrey-Baratheon,Sandor-Clegane,Undirected,24,1,Joffrey-Baratheon
Joffrey-Baratheon,Sansa-Stark,Undirected,87,1,Joffrey-Baratheon
Joffrey-Baratheon,Stannis-Baratheon,Undirected,7,1,Joffrey-Baratheon
Joffrey-Baratheon,Tommen-Baratheon,Undirected,8,1,Joffrey-Baratheon
Joffrey-Baratheon,Tyrion-Lannister,Undirected,13,1,Joffrey-Baratheon
Joffrey-Baratheon,Tywin-Lannister,Undirected,3,1,Joffrey-Baratheon
Joffrey-Baratheon,Varys,Undirected,7,1,Joffrey-Baratheon
Jommo,Ogo,Undirected,3,1,Jommo
Jon-Arryn,Lysa-Arryn,Undirected,12,1,Jon-Arryn
Jon-Arryn,Petyr-Baelish,Undirected,4,1,Jon-Arryn
Jon-Arryn,Pycelle,Undirected,11,1,Jon-Arryn
Jon-Arryn,Robert-Baratheon,Undirected,32,1,Jon-Arryn
Jon-Arryn,Stannis-Baratheon,Undirected,13,1,Jon-Arryn
Jon-Arryn,Tyrion-Lannister,Undirected,5,1,Jon-Arryn
Jon-Arryn,Varys,Undirected,5,1,Jon-Arryn
Jon-Snow,Jory-Cassel,Undirected,3,1,Jon-Snow
Jon-Snow,Luwin,Undirected,10,1,Jon-Snow
Jon-Snow,Matthar,Undirected,3,1,Jon-Snow
Jon-Snow,Mordane,Undirected,4,1,Jon-Snow
Jon-Snow,Othor,Undirected,5,1,Jon-Snow
Jon-Snow,Pypar,Undirected,45,1,Jon-Snow
Jon-Snow,Rast,Undirected,8,1,Jon-Snow
Jon-Snow,Rickon-Stark,Undirected,11,1,Jon-Snow
Jon-Snow,Robb-Stark,Undirected,53,1,Jon-Snow
Jon-Snow,Robert-Baratheon,Undirected,18,1,Jon-Snow
Jon-Snow,Rodrik-Cassel,Undirected,3,1,Jon-Snow
Jon-Snow,Samwell-Tarly,Undirected,81,1,Jon-Snow
Jon-Snow,Sansa-Stark,Undirected,8,1,Jon-Snow
Jon-Snow,Theon-Greyjoy,Undirected,8,1,Jon-Snow
Jon-Snow,Todder,Undirected,13,1,Jon-Snow
Jon-Snow,Tyrion-Lannister,Undirected,56,1,Jon-Snow
Jon-Snow,Yoren,Undirected,6,1,Jon-Snow
Jon-Umber-(Greatjon),Maege-Mormont,Undirected,5,1,Jon-Umber-(Greatjon)
Jon-Umber-(Greatjon),Rickard-Karstark,Undirected,7,1,Jon-Umber-(Greatjon)
Jon-Umber-(Greatjon),Robb-Stark,Undirected,8,1,Jon-Umber-(Greatjon)
Jon-Umber-(Greatjon),Roose-Bolton,Undirected,3,1,Jon-Umber-(Greatjon)
Jon-Umber-(Greatjon),Theon-Greyjoy,Undirected,5,1,Jon-Umber-(Greatjon)
Jon-Umber-(Greatjon),Tywin-Lannister,Undirected,3,1,Jon-Umber-(Greatjon)
Jonos-Bracken,Tytos-Blackwood,Undirected,3,1,Jonos-Bracken
Jorah-Mormont,Mirri-Maz-Duur,Undirected,5,1,Jorah-Mormont
Jorah-Mormont,Qotho,Undirected,7,1,Jorah-Mormont
Jorah-Mormont,Rhaegar-Targaryen,Undirected,5,1,Jorah-Mormont
Jorah-Mormont,Robert-Baratheon,Undirected,3,1,Jorah-Mormont
Jorah-Mormont,Viserys-Targaryen,Undirected,15,1,Jorah-Mormont
Jory-Cassel,Mordane,Undirected,3,1,Jory-Cassel
Jory-Cassel,Petyr-Baelish,Undirected,8,1,Jory-Cassel
Jory-Cassel,Robb-Stark,Undirected,9,1,Jory-Cassel
Jory-Cassel,Robert-Baratheon,Undirected,7,1,Jory-Cassel
Jory-Cassel,Rodrik-Cassel,Undirected,5,1,Jory-Cassel
Jory-Cassel,Sansa-Stark,Undirected,9,1,Jory-Cassel
Jory-Cassel,Stannis-Baratheon,Undirected,3,1,Jory-Cassel
Jory-Cassel,Theon-Greyjoy,Undirected,3,1,Jory-Cassel
Jory-Cassel,Tomard,Undirected,5,1,Jory-Cassel
Jory-Cassel,Vayon-Poole,Undirected,5,1,Jory-Cassel
Jory-Cassel,Wyl-(guard),Undirected,6,1,Jory-Cassel
Joseth,Luwin,Undirected,3,1,Joseth
Jyck,Morrec,Undirected,5,1,Jyck
Jyck,Tyrion-Lannister,Undirected,6,1,Jyck
Karyl-Vance,Marq-Piper,Undirected,3,1,Karyl-Vance
Kevan-Lannister,Tyrion-Lannister,Undirected,15,1,Kevan-Lannister
Kevan-Lannister,Tywin-Lannister,Undirected,9,1,Kevan-Lannister
Kurleket,Tyrion-Lannister,Undirected,5,1,Kurleket
Lancel-Lannister,Robert-Baratheon,Undirected,3,1,Lancel-Lannister
Leo-Lefford,Tyrion-Lannister,Undirected,4,1,Leo-Lefford
Loras-Tyrell,Mace-Tyrell,Undirected,3,1,Loras-Tyrell
Loras-Tyrell,Petyr-Baelish,Undirected,5,1,Loras-Tyrell
Loras-Tyrell,Renly-Baratheon,Undirected,5,1,Loras-Tyrell
Loras-Tyrell,Robert-Baratheon,Undirected,4,1,Loras-Tyrell
Loras-Tyrell,Rodrik-Cassel,Undirected,3,1,Loras-Tyrell
Loras-Tyrell,Sandor-Clegane,Undirected,4,1,Loras-Tyrell
Loras-Tyrell,Sansa-Stark,Undirected,14,1,Loras-Tyrell
Luwin,Nan,Undirected,4,1,Luwin
Luwin,Osha,Undirected,16,1,Luwin
Luwin,Rickard-Karstark,Undirected,3,1,Luwin
Luwin,Rickon-Stark,Undirected,9,1,Luwin
Luwin,Robb-Stark,Undirected,20,1,Luwin
Luwin,Rodrik-Cassel,Undirected,3,1,Luwin
Luwin,Theon-Greyjoy,Undirected,10,1,Luwin
Luwin,Tommen-Baratheon,Undirected,3,1,Luwin
Luwin,Tyrion-Lannister,Undirected,10,1,Luwin
Lyanna-Stark,Robert-Baratheon,Undirected,9,1,Lyanna-Stark
Lyanna-Stark,Sansa-Stark,Undirected,4,1,Lyanna-Stark
Lyn-Corbray,Lysa-Arryn,Undirected,3,1,Lyn-Corbray
Lysa-Arryn,Petyr-Baelish,Undirected,4,1,Lysa-Arryn
Lysa-Arryn,Robert-Arryn,Undirected,8,1,Lysa-Arryn
Lysa-Arryn,Robert-Baratheon,Undirected,5,1,Lysa-Arryn
Lysa-Arryn,Stannis-Baratheon,Undirected,4,1,Lysa-Arryn
Lysa-Arryn,Tyrion-Lannister,Undirected,25,1,Lysa-Arryn
Lysa-Arryn,Vardis-Egen,Undirected,5,1,Lysa-Arryn
Mace-Tyrell,Paxter-Redwyne,Undirected,3,1,Mace-Tyrell
Maege-Mormont,Rickard-Karstark,Undirected,3,1,Maege-Mormont
Maegor-I-Targaryen,Sansa-Stark,Undirected,4,1,Maegor-I-Targaryen
Marillion,Rodrik-Cassel,Undirected,5,1,Marillion
Marillion,Tyrion-Lannister,Undirected,10,1,Marillion
Marillion,Willis-Wode,Undirected,4,1,Marillion
Marq-Piper,Tywin-Lannister,Undirected,3,1,Marq-Piper
Meryn-Trant,Robert-Baratheon,Undirected,3,1,Meryn-Trant
Meryn-Trant,Sandor-Clegane,Undirected,4,1,Meryn-Trant
Meryn-Trant,Sansa-Stark,Undirected,5,1,Meryn-Trant
Meryn-Trant,Syrio-Forel,Undirected,5,1,Meryn-Trant
Mirri-Maz-Duur,Qotho,Undirected,9,1,Mirri-Maz-Duur
Mord,Tyrion-Lannister,Undirected,20,1,Mord
Mordane,Myrcella-Baratheon,Undirected,12,1,Mordane
Mordane,Petyr-Baelish,Undirected,3,1,Mordane
Mordane,Robert-Baratheon,Undirected,7,1,Mordane
Mordane,Sansa-Stark,Undirected,43,1,Mordane
Morrec,Tyrion-Lannister,Undirected,5,1,Morrec
Mycah,Sandor-Clegane,Undirected,5,1,Mycah
Mycah,Sansa-Stark,Undirected,10,1,Mycah
Myrcella-Baratheon,Robert-Baratheon,Undirected,3,1,Myrcella-Baratheon
Myrcella-Baratheon,Sansa-Stark,Undirected,8,1,Myrcella-Baratheon
Myrcella-Baratheon,Tommen-Baratheon,Undirected,6,1,Myrcella-Baratheon
Nan,Robb-Stark,Undirected,4,1,Nan
Osha,Robb-Stark,Undirected,3,1,Osha
Petyr-Baelish,Pycelle,Undirected,14,1,Petyr-Baelish
Petyr-Baelish,Renly-Baratheon,Undirected,12,1,Petyr-Baelish
Petyr-Baelish,Robert-Baratheon,Undirected,30,1,Petyr-Baelish
Petyr-Baelish,Rodrik-Cassel,Undirected,7,1,Petyr-Baelish
Petyr-Baelish,Sandor-Clegane,Undirected,3,1,Petyr-Baelish
Petyr-Baelish,Sansa-Stark,Undirected,8,1,Petyr-Baelish
Petyr-Baelish,Tomard,Undirected,4,1,Petyr-Baelish
Petyr-Baelish,Tyrion-Lannister,Undirected,11,1,Petyr-Baelish
Petyr-Baelish,Varys,Undirected,29,1,Petyr-Baelish
Pycelle,Renly-Baratheon,Undirected,7,1,Pycelle
Pycelle,Robert-Baratheon,Undirected,26,1,Pycelle
Pycelle,Sansa-Stark,Undirected,8,1,Pycelle
Pycelle,Stannis-Baratheon,Undirected,3,1,Pycelle
Pycelle,Tywin-Lannister,Undirected,4,1,Pycelle
Pycelle,Varys,Undirected,17,1,Pycelle
Pypar,Rast,Undirected,4,1,Pypar
Pypar,Samwell-Tarly,Undirected,11,1,Pypar
Pypar,Todder,Undirected,8,1,Pypar
Qotho,Quaro,Undirected,4,1,Qotho
Quaro,Rakharo,Undirected,6,1,Quaro
Randyll-Tarly,Samwell-Tarly,Undirected,5,1,Randyll-Tarly
Rast,Samwell-Tarly,Undirected,3,1,Rast
Raymun-Darry,Robert-Baratheon,Undirected,8,1,Raymun-Darry
Renly-Baratheon,Robb-Stark,Undirected,3,1,Renly-Baratheon
Renly-Baratheon,Robert-Baratheon,Undirected,42,1,Renly-Baratheon
Renly-Baratheon,Sandor-Clegane,Undirected,7,1,Renly-Baratheon
Renly-Baratheon,Sansa-Stark,Undirected,5,1,Renly-Baratheon
Renly-Baratheon,Stannis-Baratheon,Undirected,19,1,Renly-Baratheon
Renly-Baratheon,Tyrion-Lannister,Undirected,4,1,Renly-Baratheon
Renly-Baratheon,Varys,Undirected,9,1,Renly-Baratheon
Rhaegar-Targaryen,Robert-Baratheon,Undirected,22,1,Rhaegar-Targaryen
Rhaegar-Targaryen,Sansa-Stark,Undirected,3,1,Rhaegar-Targaryen
Rhaegar-Targaryen,Tywin-Lannister,Undirected,4,1,Rhaegar-Targaryen
Rhaegar-Targaryen,Viserys-Targaryen,Undirected,5,1,Rhaegar-Targaryen
Rickard-Karstark,Robb-Stark,Undirected,9,1,Rickard-Karstark
Rickard-Karstark,Roose-Bolton,Undirected,3,1,Rickard-Karstark
Rickon-Stark,Robb-Stark,Undirected,20,1,Rickon-Stark
Rickon-Stark,Sansa-Stark,Undirected,8,1,Rickon-Stark
Rickon-Stark,Tyrion-Lannister,Undirected,4,1,Rickon-Stark
Robb-Stark,Robert-Baratheon,Undirected,6,1,Robb-Stark
Robb-Stark,Rodrik-Cassel,Undirected,15,1,Robb-Stark
Robb-Stark,Roose-Bolton,Undirected,6,1,Robb-Stark
Robb-Stark,Samwell-Tarly,Undirected,4,1,Robb-Stark
Robb-Stark,Sansa-Stark,Undirected,13,1,Robb-Stark
Robb-Stark,Stiv,Undirected,3,1,Robb-Stark
Robb-Stark,Theon-Greyjoy,Undirected,37,1,Robb-Stark
Robb-Stark,Torrhen-Karstark,Undirected,3,1,Robb-Stark
Robb-Stark,Tyrion-Lannister,Undirected,11,1,Robb-Stark
Robb-Stark,Tywin-Lannister,Undirected,9,1,Robb-Stark
Robb-Stark,Walder-Frey,Undirected,7,1,Robb-Stark
Robb-Stark,Wendel-Manderly,Undirected,3,1,Robb-Stark
Robb-Stark,Yoren,Undirected,3,1,Robb-Stark
Robert-Arryn,Tyrion-Lannister,Undirected,9,1,Robert-Arryn
Robert-Baratheon,Sandor-Clegane,Undirected,9,1,Robert-Baratheon
Robert-Baratheon,Sansa-Stark,Undirected,26,1,Robert-Baratheon
Robert-Baratheon,Stannis-Baratheon,Undirected,21,1,Robert-Baratheon
Robert-Baratheon,Tommen-Baratheon,Undirected,3,1,Robert-Baratheon
Robert-Baratheon,Tyrion-Lannister,Undirected,18,1,Robert-Baratheon
Robert-Baratheon,Tywin-Lannister,Undirected,13,1,Robert-Baratheon
Robert-Baratheon,Varys,Undirected,36,1,Robert-Baratheon
Robert-Baratheon,Vayon-Poole,Undirected,3,1,Robert-Baratheon
Robert-Baratheon,Viserys-Targaryen,Undirected,7,1,Robert-Baratheon
Rodrik-Cassel,Theon-Greyjoy,Undirected,6,1,Rodrik-Cassel
Rodrik-Cassel,Tyrion-Lannister,Undirected,10,1,Rodrik-Cassel
Rodrik-Cassel,Willis-Wode,Undirected,7,1,Rodrik-Cassel
Roose-Bolton,Tywin-Lannister,Undirected,4,1,Roose-Bolton
Sandor-Clegane,Sansa-Stark,Undirected,23,1,Sandor-Clegane
Sandor-Clegane,Tyrion-Lannister,Undirected,5,1,Sandor-Clegane
Sansa-Stark,Stannis-Baratheon,Undirected,3,1,Sansa-Stark
Sansa-Stark,Tomard,Undirected,3,1,Sansa-Stark
Sansa-Stark,Tyrion-Lannister,Undirected,3,1,Sansa-Stark
Sansa-Stark,Varys,Undirected,4,1,Sansa-Stark
Shae,Tyrion-Lannister,Undirected,12,1,Shae
Shagga,Timett,Undirected,4,1,Shagga
Shagga,Tyrion-Lannister,Undirected,17,1,Shagga
Shagga,Ulf-son-of-Umar,Undirected,4,1,Shagga
Stannis-Baratheon,Tywin-Lannister,Undirected,4,1,Stannis-Baratheon
Stannis-Baratheon,Varys,Undirected,5,1,Stannis-Baratheon
Stevron-Frey,Walder-Frey,Undirected,3,1,Stevron-Frey
Theon-Greyjoy,Tyrion-Lannister,Undirected,3,1,Theon-Greyjoy
Theon-Greyjoy,Tywin-Lannister,Undirected,3,1,Theon-Greyjoy
Theon-Greyjoy,Walder-Frey,Undirected,4,1,Theon-Greyjoy
Timett,Tyrion-Lannister,Undirected,3,1,Timett
Tommen-Baratheon,Tyrion-Lannister,Undirected,3,1,Tommen-Baratheon
Tyrion-Lannister,Tywin-Lannister,Undirected,40,1,Tyrion-Lannister
Tyrion-Lannister,Vardis-Egen,Undirected,9,1,Tyrion-Lannister
Tyrion-Lannister,Varys,Undirected,3,1,Tyrion-Lannister
Tyrion-Lannister,Willis-Wode,Undirected,4,1,Tyrion-Lannister
Tyrion-Lannister,Yoren,Undirected,10,1,Tyrion-Lannister
Tywin-Lannister,Varys,Undirected,4,1,Tywin-Lannister
Tywin-Lannister,Walder-Frey,Undirected,8,1,Tywin-Lannister
Waymar-Royce,Will-(prologue),Undirected,18,1,Waymar-Royce
